date,AAPL,MSFT
6/29/2007,11.97,29.86
7/2/2007,12.24,29.81
7/3/2007,12.15,29.64
7/5/2007,12.21,29.93
7/6/2007,13.22,29.96
7/7/2007,13.205,30.02
7/8/2007,13.505,30.094
7/9/2007,13.805,30.168
7/10/2007,14.105,30.242
7/11/2007,14.405,30.316
7/12/2007,14.705,30.39
7/13/2007,15.005,30.464
7/14/2007,15.305,30.538
7/15/2007,15.605,30.612
7/16/2007,15.905,30.686
