date,SP500
6/29/2007,1503.35
7/2/2007,1519.43
7/3/2007,1524.87
7/5/2007,1525.4
7/6/2007,1530.44
7/7/2007,1533.425
7/8/2007,1536.781
7/9/2007,1540.137
7/10/2007,1543.493
7/11/2007,1546.849
7/12/2007,1550.205
7/13/2007,1553.561
7/14/2007,1556.917
7/15/2007,1560.273
7/16/2007,1563.629
