date,AAPL,MSFT,SP500
6/29/2007,11.97,29.86,1503.35
7/2/2007,12.24,29.81,1519.43
7/3/2007,12.15,29.64,1524.87
7/5/2007,12.21,29.93,1525.4
7/6/2007,13.22,29.96,1530.44
7/7/2007,13.205,30.02,1533.425
7/8/2007,13.505,30.094,1536.781
7/9/2007,13.805,30.168,1540.137
7/10/2007,14.105,30.242,1543.493
7/11/2007,14.405,30.316,1546.849
7/12/2007,14.705,30.39,1550.205
7/13/2007,15.005,30.464,1553.561
7/14/2007,15.305,30.538,1556.917
7/15/2007,15.605,30.612,1560.273
7/16/2007,15.905,30.686,1563.629
